FileName,md5Hash,Machine,DebugSize,DebugRVA,MajorImageVersion,MajorOSVersion,ExportRVA,ExportSize,IatVRA,NumberOfSections,SizeOfStackReserve,DllCharacteristics,ResourceSize,BitcoinAddresses,Benign
sample1.exe,1a5ea6c5220b8f6c7ee430124b4178b9,Machine8,1261,4883389,2,11,5349660,100,6337063,7,15862,37,833,1A1zP1eP5QGefi2DMPTfTL5SLmv7DivfNa,1
sample2.exe,a2b3a721816f8da65d96517752929c5a,Machine9,1447,5023290,3,10,6084084,373,6623359,7,9219,52,563,1A1zP1eP5QGefi2DMPTfTL5SLmv7DivfNa,1
sample3.exe,c1ce854fbd5194001bc016c831308828,Machine3,1195,4200216,4,11,5258304,191,6892751,5,5444,60,829,3J98t1WpEZ73CNmQviecrnyiWrnqRhW,1
sample4.exe,9d0cf8ffa4f7a1079fb371541bca5b74,Machine4,1125,4345970,1,10,5718986,328,6602765,4,5221,28,493,1A1zP1eP5QGefi2DMPTfTL5SLmv7DivfNa,0
sample5.exe,d12577f709dc37e3ffc2fba5ee491e01,Machine4,895,5156112,4,10,5878652,287,6349987,9,11103,50,837,,0
sample6.exe,be912db8df6b2988a9b368d033604ae9,Machine7,951,5118400,2,10,6190221,121,7119334,8,6043,21,987,,1
sample7.exe,e6b05f7b151198b29c03f42ce57d6a17,Machine1,1835,4869988,1,10,6061291,163,6809467,9,8818,36,479,1A1zP1eP5QGefi2DMPTfTL5SLmv7DivfNa,0
sample8.exe,acf5217a7eb79743043c71f25407c7a4,Machine4,1007,5044194,1,10,5826050,322,6901131,6,14313,47,201,,1
sample9.exe,99a40439b8fa4d9fc1eacd74885cdb10,Machine7,1776,5126779,2,7,5835173,201,6816103,7,10819,50,821,1A1zP1eP5QGefi2DMPTfTL5SLmv7DivfNa,0
sample10.exe,60d24186a196b8048e7e9e9b0f570868,Machine4,1004,4614157,3,10,5331911,245,6836555,4,12066,39,1016,,1
sample11.exe,778134a73222a819dfc4f1b1d60993df,Machine10,1641,4293377,2,10,5610583,138,6739952,3,12713,35,647,3J98t1WpEZ73CNmQviecrnyiWrnqRhW,0
sample12.exe,30a878c80ea07baac1b9ed151fc93726,Machine7,871,4779771,2,11,6194910,307,7157558,7,8973,37,483,1A1zP1eP5QGefi2DMPTfTL5SLmv7DivfNa,1
sample13.exe,562fb73a55146153e0e526467d940edb,Machine4,1994,5116162,2,7,5935057,485,6321572,7,12159,63,837,,1
sample14.exe,39c0ee662bab741fe63417b0e93b9f4b,Machine3,1709,4622146,2,7,5826051,243,6853714,9,13425,22,809,3J98t1WpEZ73CNmQviecrnyiWrnqRhW,1
sample15.exe,e5ad5e52c6a57924e97a347d3daa0131,Machine3,849,4237459,2,11,6176879,314,6908107,3,14737,20,924,1A1zP1eP5QGefi2DMPTfTL5SLmv7DivfNa,1
sample16.exe,3c623178d3105a0c6f15c621adeb836f,Machine3,1114,5122548,3,10,5978082,337,6638259,6,4458,25,374,,1
sample17.exe,44a48414a52af618f4af79adeda421a3,Machine7,1407,4411130,1,7,6232912,117,6494370,6,10920,40,1018,1A1zP1eP5QGefi2DMPTfTL5SLmv7DivfNa,0
sample18.exe,875d73cbb31134188e0132576bc2b20a,Machine5,1760,4920780,3,10,5572339,336,6412218,5,11757,63,981,3J98t1WpEZ73CNmQviecrnyiWrnqRhW,0
sample19.exe,dbcfe3eb94e414b51a98360dc89b72e1,Machine7,503,4918942,2,11,6099538,214,6389840,8,13258,48,907,1A1zP1eP5QGefi2DMPTfTL5SLmv7DivfNa,1
sample20.exe,824e019860724b271980d8a3d37c71ff,Machine1,665,4949543,1,7,5460786,275,6652444,3,11046,26,643,3J98t1WpEZ73CNmQviecrnyiWrnqRhW,1
sample21.exe,b4da1f41b1d367b41eef670a6582d650,Machine5,1915,4816341,1,10,5818301,294,6666633,4,8515,42,402,3J98t1WpEZ73CNmQviecrnyiWrnqRhW,0
sample22.exe,c83d48661949fdd69212d99555c19a65,Machine10,1602,4429389,1,7,5442026,367,6682469,4,16316,43,174,,1
sample23.exe,4aa5b0c07d9cebf6659f979a8ec8837e,Machine3,1469,4688817,4,7,5698514,493,7303176,6,8847,32,489,3J98t1WpEZ73CNmQviecrnyiWrnqRhW,1
sample24.exe,3ccb66dd425f77c1df8ec6c5d0fd5e44,Machine2,1023,4228378,3,10,5320732,396,7188625,5,11748,50,273,3J98t1WpEZ73CNmQviecrnyiWrnqRhW,1
sample25.exe,885b17d126260dc4220b4e24102af96e,Machine7,1284,4436339,3,10,5670691,147,7272176,8,4842,38,239,,1
sample26.exe,d7ed0981e3838c8c1143a2a7dfb53085,Machine2,1584,4703372,3,7,5759285,360,6447340,5,7858,44,283,3J98t1WpEZ73CNmQviecrnyiWrnqRhW,1
sample27.exe,3ab10668afa030363bfc9cce20622be2,Machine8,1135,4721905,2,11,5287706,494,6776028,9,10284,44,182,,0
sample28.exe,3997dc25ace4bfa665333b6ee3a90708,Machine6,603,4506560,3,7,5442929,354,7235225,4,12628,30,751,,1
sample29.exe,ec14a57b505cfc3b15c34c01b73bbbb4,Machine7,1199,4270337,4,11,5379431,234,7212382,8,4660,53,841,3J98t1WpEZ73CNmQviecrnyiWrnqRhW,0
sample30.exe,d1eba0cf797d34972a93f36c90511d3d,Machine2,629,4738468,4,7,5903914,474,7318651,8,6041,41,531,1A1zP1eP5QGefi2DMPTfTL5SLmv7DivfNa,1
sample31.exe,c6219f7f743b3d450fe8e42570057a61,Machine7,1808,4865802,3,10,5697326,428,6324325,9,8364,21,327,3J98t1WpEZ73CNmQviecrnyiWrnqRhW,0
sample32.exe,6c3fe59b0c95a271c5862db9bf03f1f2,Machine7,948,4968298,4,11,5599429,492,7116475,5,8273,18,711,1A1zP1eP5QGefi2DMPTfTL5SLmv7DivfNa,1
sample33.exe,088a30efd0d5b1699e3b582f07202d75,Machine7,1353,5167392,3,11,5626396,300,6612347,8,12933,51,997,3J98t1WpEZ73CNmQviecrnyiWrnqRhW,0
sample34.exe,cfeeaf75a202c67bf01c04b451018d40,Machine7,1404,4400638,4,7,5726335,329,6348766,6,4807,27,555,,0
sample35.exe,2a3016c44aa6992e1d09d72c7f1afd55,Machine3,1919,4398364,1,7,5824683,118,6837241,6,10052,29,750,3J98t1WpEZ73CNmQviecrnyiWrnqRhW,0
sample36.exe,a62a6de81e385657276d7618d4dc4e43,Machine6,976,4713146,1,11,6104147,102,6321211,5,11871,51,814,,1
sample37.exe,8dc2271d4088e683501ba271d3855a92,Machine3,873,4700866,2,10,5951550,297,6595770,6,15709,47,802,1A1zP1eP5QGefi2DMPTfTL5SLmv7DivfNa,0
sample38.exe,621fd2c24cacebdd29888dcd1f24ed25,Machine3,1349,4426460,1,11,5339978,321,6589714,8,4202,46,801,3J98t1WpEZ73CNmQviecrnyiWrnqRhW,0
sample39.exe,c5e178667fe02e00c64923362e4c985b,Machine4,939,4977729,2,11,5811402,329,6363660,9,4850,21,202,1A1zP1eP5QGefi2DMPTfTL5SLmv7DivfNa,0
sample40.exe,8577850de472fc487df023797a378280,Machine3,1539,4834509,1,10,6216329,200,7080833,6,5723,45,503,3J98t1WpEZ73CNmQviecrnyiWrnqRhW,0
sample41.exe,4d8ec0db832ce0f7eac5a3121a5bdb0b,Machine10,631,4716883,4,10,5719259,462,6698267,5,11755,43,965,,0
sample42.exe,1eae6c0eaf4cc58fcd31c97af1e9310e,Machine4,1630,5151279,2,7,6099683,257,7328266,6,5033,17,604,,0
sample43.exe,98e72792c2cf4b9c98d832d7e21e132a,Machine9,972,4602449,4,7,6273867,255,6825923,3,15570,56,942,3J98t1WpEZ73CNmQviecrnyiWrnqRhW,1
sample44.exe,f1ba8fd5b26763c5cc592d30073fb343,Machine6,713,4878756,4,7,5786464,245,7153597,6,8605,42,339,1A1zP1eP5QGefi2DMPTfTL5SLmv7DivfNa,0
sample45.exe,eb0a445eaf937fe905e5e582129e5d51,Machine5,1808,4488391,2,10,5763238,495,6718224,7,8178,44,551,3J98t1WpEZ73CNmQviecrnyiWrnqRhW,0
sample46.exe,80f8e5b0bd4c1fa89b59f7e4efb3d1f7,Machine6,1379,4547893,1,11,5625887,405,6782235,4,9580,55,542,3J98t1WpEZ73CNmQviecrnyiWrnqRhW,1
sample47.exe,626550a93ddd60f3a77ba59ff8b4e31e,Machine2,1333,4630214,1,10,5320435,428,7260796,3,14985,55,351,3J98t1WpEZ73CNmQviecrnyiWrnqRhW,0
sample48.exe,2dd27946340946178963de397feab20d,Machine6,1344,4739721,4,7,5332886,444,6459142,5,8246,49,1007,1A1zP1eP5QGefi2DMPTfTL5SLmv7DivfNa,1
sample49.exe,7c668350b4ef5b8573906462d0f879ce,Machine9,1791,4574735,3,11,5705086,103,6314496,4,15240,57,303,3J98t1WpEZ73CNmQviecrnyiWrnqRhW,0
sample50.exe,2d51a89a2b3029e3bc1d5f9436a1886d,Machine3,1805,5135122,3,7,5338971,212,7231495,7,11289,63,1022,,1
sample51.exe,a6c7aef132716eab6c503aaf9031b9bb,Machine10,1883,4523165,2,11,6264633,111,6683289,4,14497,61,232,3J98t1WpEZ73CNmQviecrnyiWrnqRhW,0
sample52.exe,6e5912a0bb77e679c93300f70085d3f1,Machine10,1358,4518581,4,10,5626901,413,6543427,6,12817,48,497,3J98t1WpEZ73CNmQviecrnyiWrnqRhW,0
sample53.exe,542de807b9dd8d24bd69897889b19192,Machine6,1249,4688828,2,7,5435105,243,7112507,4,6575,20,831,,1
sample54.exe,e9e4951444409f110e8f22073413b702,Machine7,1942,4764202,2,10,5639997,231,7065336,5,15888,16,247,3J98t1WpEZ73CNmQviecrnyiWrnqRhW,0
sample55.exe,841576ce7d58b25867905d4736748486,Machine5,1522,4590034,1,10,5668332,474,7035252,6,7230,27,429,1A1zP1eP5QGefi2DMPTfTL5SLmv7DivfNa,0
sample56.exe,afc9e73828d94c2dd085d75cba8f2f70,Machine1,1156,4577922,1,10,5345065,257,6664703,6,12126,51,311,3J98t1WpEZ73CNmQviecrnyiWrnqRhW,1
sample57.exe,2fa4b045ada5185d52ebd3e34824bd12,Machine9,1781,4401949,4,11,5339507,167,6986148,7,8190,20,238,1A1zP1eP5QGefi2DMPTfTL5SLmv7DivfNa,0
sample58.exe,f9641eae932e82f79d04915571774c3e,Machine6,1028,4405649,3,10,5329771,156,7059884,9,11216,42,1014,3J98t1WpEZ73CNmQviecrnyiWrnqRhW,0
sample59.exe,fd212899ada74d33395506b3833649e4,Machine6,1045,5163043,1,10,5957987,303,6721237,8,13398,31,448,3J98t1WpEZ73CNmQviecrnyiWrnqRhW,0
sample60.exe,babb5fd1a3b696ff4f26d4aee9e46ef4,Machine6,1557,4455288,2,11,5635241,475,6748785,4,14843,44,997,3J98t1WpEZ73CNmQviecrnyiWrnqRhW,0
sample61.exe,fc0e9c57bb3eb8fa351e2096d8ebec89,Machine2,1696,5082387,3,10,5859578,179,6506230,8,10405,58,597,1A1zP1eP5QGefi2DMPTfTL5SLmv7DivfNa,0
sample62.exe,4f1f70ad4c30a4b1060acf7eeb553651,Machine1,1308,5001104,1,10,5512855,401,6781439,7,5385,32,790,,1
sample63.exe,0f5c4346c51f11df5ab6a5c9f948cbf6,Machine1,828,5000727,2,10,6184189,190,6442184,9,16302,22,539,3J98t1WpEZ73CNmQviecrnyiWrnqRhW,1
sample64.exe,6ed639267625ccfb07e9a5e13281b7b7,Machine1,705,4398732,1,11,6228712,179,7109231,6,8844,47,133,3J98t1WpEZ73CNmQviecrnyiWrnqRhW,1
sample65.exe,d64f39aa7d48fa94e059f56a66ce1fcd,Machine1,1630,4231523,1,11,6002484,325,6999206,6,5493,18,1005,3J98t1WpEZ73CNmQviecrnyiWrnqRhW,1
sample66.exe,14b130e4f70c40cab5e4745b56dcba2a,Machine1,1095,4397933,1,7,5964055,111,6522794,9,14742,33,163,,1
sample67.exe,1f55e25ad304484a2390885215eb6413,Machine8,1254,5093048,2,10,5448826,233,7031777,7,14893,17,1005,3J98t1WpEZ73CNmQviecrnyiWrnqRhW,1
sample68.exe,a3f3c9e875d0e5e9bbab69e95ffdba8b,Machine7,1940,4318914,2,11,5754696,286,6807204,9,5921,48,931,1A1zP1eP5QGefi2DMPTfTL5SLmv7DivfNa,1
sample69.exe,22f7ae71287a7e8c4e26b84d623c272c,Machine4,1419,5118740,1,10,5975593,168,6707268,6,4798,49,764,,0
sample70.exe,24033b70f36db9308c23af327f04ee15,Machine6,824,4439171,2,11,6016237,415,6352987,9,10756,54,744,1A1zP1eP5QGefi2DMPTfTL5SLmv7DivfNa,1
sample71.exe,6f4e807431aeb991d00a89f0fbb28e9c,Machine5,1939,4599889,1,11,5911356,132,6333197,8,6981,20,323,1A1zP1eP5QGefi2DMPTfTL5SLmv7DivfNa,1
sample72.exe,a1d63d2324527b14411ac3600b4f39b8,Machine4,1162,4410284,4,11,5833519,393,6389389,8,8829,46,284,,0
sample73.exe,a2e69871e75cb9e2a63358892be9e7c8,Machine5,1588,4524070,3,7,6203023,271,6532009,4,9292,20,731,,1
sample74.exe,cccbe7fa51bc035181cf73e54f3b5127,Machine6,1811,4578346,2,10,6091812,225,7094600,3,4777,31,891,3J98t1WpEZ73CNmQviecrnyiWrnqRhW,1
sample75.exe,6afb9976d852a54ac9831fe926a1615d,Machine2,579,4283338,1,11,5576641,416,6773382,8,14732,37,265,,0
sample76.exe,ba5b123054fc72c31412559c53e08494,Machine4,583,4207141,1,10,5737054,145,6366558,9,12032,54,427,1A1zP1eP5QGefi2DMPTfTL5SLmv7DivfNa,0
sample77.exe,6cab9b44457c958081d95f10bf64ba75,Machine7,1283,4882794,4,11,5580773,385,7234700,7,16069,26,771,3J98t1WpEZ73CNmQviecrnyiWrnqRhW,1
sample78.exe,5208a7d2530430e3d33b0501bb4c9b59,Machine8,1319,4198952,1,10,5784362,350,7053922,5,5865,32,235,,1
sample79.exe,b9f9ffc485ce89190146b968a22a2c09,Machine5,1920,4573039,3,10,5660414,255,6768515,3,11617,18,598,1A1zP1eP5QGefi2DMPTfTL5SLmv7DivfNa,0
sample80.exe,a1c6788ffb31c86693e51fb48fecaed5,Machine1,1185,4534043,2,11,5341696,331,6383848,5,6833,62,746,,0
sample81.exe,e00897efeb4d32bd4eba588752dfa793,Machine1,1534,4798084,4,10,5406675,383,6561296,6,16193,62,874,3J98t1WpEZ73CNmQviecrnyiWrnqRhW,0
sample82.exe,b56253c07514ff0c94f1c54993bec476,Machine8,1348,4949427,1,7,5491590,129,6490373,3,14730,62,260,1A1zP1eP5QGefi2DMPTfTL5SLmv7DivfNa,0
sample83.exe,9f55080c0be0bdac3d0572fd304802f5,Machine4,1594,4974998,1,7,5247709,226,7261736,6,10651,48,797,,0
sample84.exe,439ac91b158342b703d05d4c22ef5777,Machine4,521,5089957,1,10,5672003,172,7054775,6,11558,55,444,3J98t1WpEZ73CNmQviecrnyiWrnqRhW,0
sample85.exe,b9cc74731cde58ddce6f5e50b20e6b06,Machine1,1860,4954915,4,10,5837087,175,6994845,9,6251,39,556,,0
sample86.exe,1f4e1dd8dbf515d16bea70bd61f1afee,Machine1,1844,5210654,2,11,5245725,197,6506165,8,8819,17,130,3J98t1WpEZ73CNmQviecrnyiWrnqRhW,0
sample87.exe,1bac3a1180e018c97f913f30ac5672c5,Machine10,1653,4376327,3,11,5838864,306,7233814,7,12266,52,197,1A1zP1eP5QGefi2DMPTfTL5SLmv7DivfNa,0
sample88.exe,fc4e1b5a288edf7a502782ee99a591e7,Machine5,1364,4266968,3,10,5793731,138,6877541,9,8646,41,687,1A1zP1eP5QGefi2DMPTfTL5SLmv7DivfNa,1
sample89.exe,2f1095db7cf0ce202f6b324ee9d2b419,Machine5,863,5158488,1,10,5404954,367,7031319,9,7078,24,332,,1
sample90.exe,f4df61c07a3d5538113fc6e2b88b3a59,Machine6,1519,4260079,1,10,5787645,346,6693115,5,10353,63,785,1A1zP1eP5QGefi2DMPTfTL5SLmv7DivfNa,0
sample91.exe,b04f0ec704243d3b46da9af24edf699d,Machine9,966,5126031,2,10,6284550,445,7081850,9,16127,43,207,,1
sample92.exe,aa7ee47c3128887104ab82b27a723924,Machine9,838,5007754,1,7,6181097,132,6562724,8,8551,16,824,,0
sample93.exe,fa032c36e802d10a9eddedbfd5bb2492,Machine1,1197,5053587,3,10,6204901,278,6577899,4,14120,51,681,1A1zP1eP5QGefi2DMPTfTL5SLmv7DivfNa,0
sample94.exe,5d0cb9a449198fac648b9a2dd7800a85,Machine2,1930,4623181,2,11,5525771,140,6664379,7,4136,42,853,,0
sample95.exe,ccf5ba7a1dd483d86986c1619d2902b9,Machine6,1411,4560871,4,7,5377361,298,7187490,7,8286,63,744,,1
sample96.exe,e778c0b15c47f8f121dd96b1da1fbb7e,Machine10,1851,5232440,4,10,5253943,386,7248838,5,16379,58,643,1A1zP1eP5QGefi2DMPTfTL5SLmv7DivfNa,0
sample97.exe,e68300aac7d77a864eee92d7cf5d20e8,Machine10,1807,5183461,2,11,5608317,250,7231878,7,11428,38,828,3J98t1WpEZ73CNmQviecrnyiWrnqRhW,0
sample98.exe,8df4db1b985a35b4129284adef8388fe,Machine7,716,4440039,1,7,5645611,223,6979928,5,14434,47,942,,1
sample99.exe,ab23d3026e7d44757e2f6dd074a4a0b9,Machine2,813,5154706,3,10,6199619,175,6612556,7,14937,17,496,,1
sample100.exe,f84d19fe657095bb9208d87329296950,Machine5,1326,4365767,2,10,5517844,391,6788113,3,6043,45,287,,1
sample101.exe,1ebd261939d45d46ef196f97f1aecd05,Machine1,716,4440124,2,10,6074843,163,6354527,5,4792,19,582,1A1zP1eP5QGefi2DMPTfTL5SLmv7DivfNa,1
sample102.exe,94753c843e9a64aac607ef1e287bcbf5,Machine5,769,4710424,1,10,5505535,360,6399536,4,11391,19,947,3J98t1WpEZ73CNmQviecrnyiWrnqRhW,0
sample103.exe,41da0d7a084d522a36d90ae3378ded85,Machine8,578,4731040,3,7,6015607,277,6934309,9,5407,50,225,1A1zP1eP5QGefi2DMPTfTL5SLmv7DivfNa,1
sample104.exe,1e47c6ddbd12f8bfa711b62a06f4646d,Machine8,1824,4590956,3,11,6272476,472,6536192,8,6960,52,303,1A1zP1eP5QGefi2DMPTfTL5SLmv7DivfNa,0
sample105.exe,c6d2aec21b6cb97faf6fb2c5d1f44e45,Machine8,735,5070119,4,10,5378318,257,7179722,7,11243,58,395,1A1zP1eP5QGefi2DMPTfTL5SLmv7DivfNa,0
sample106.exe,7076acd7f9ae3074872187a7baabecf6,Machine7,1769,5208948,4,7,6045966,291,6888049,8,14462,62,999,3J98t1WpEZ73CNmQviecrnyiWrnqRhW,1
sample107.exe,f1818ea649ce0db303e6f2648585321f,Machine3,1615,5110888,2,7,5269584,417,6974316,9,8579,36,446,1A1zP1eP5QGefi2DMPTfTL5SLmv7DivfNa,1
sample108.exe,511ca497aaddff047be61216b6bfacdb,Machine7,544,4633982,3,11,6208995,191,6626308,3,8695,57,776,1A1zP1eP5QGefi2DMPTfTL5SLmv7DivfNa,0
sample109.exe,e9e171093981071237571e69d76683f3,Machine1,1010,4817263,1,7,5308863,211,7167583,8,5799,21,318,1A1zP1eP5QGefi2DMPTfTL5SLmv7DivfNa,1
sample110.exe,d458d5fb7675142a86b1fc6ea2f7794c,Machine3,1937,4362356,1,7,5411189,311,6742972,4,9228,40,259,3J98t1WpEZ73CNmQviecrnyiWrnqRhW,1
sample111.exe,14e1ce40111d9bb13bd26e7e7b3c4186,Machine8,610,4515812,2,11,6274790,460,6456959,9,15188,35,235,3J98t1WpEZ73CNmQviecrnyiWrnqRhW,0
sample112.exe,6cec8e2ce9274de8daab02b374e94e81,Machine8,1040,5060586,2,7,6127659,190,7232010,7,7627,53,950,3J98t1WpEZ73CNmQviecrnyiWrnqRhW,1
sample113.exe,d1ddcb89dc0e479d6dff40a4eabffb95,Machine3,549,4968464,3,7,6225051,126,6820637,7,9848,19,871,3J98t1WpEZ73CNmQviecrnyiWrnqRhW,1
sample114.exe,3738f59606d2379b644f7e56985641e6,Machine7,1445,5059508,1,11,5676390,173,6353761,8,8562,35,297,1A1zP1eP5QGefi2DMPTfTL5SLmv7DivfNa,0
sample115.exe,a30c7cddbe415091bad53540366bf543,Machine2,843,5003482,4,7,5811927,323,6510441,8,9135,39,438,3J98t1WpEZ73CNmQviecrnyiWrnqRhW,0
sample116.exe,11e384ac65b9823ed8acd9ff0ab4ceb7,Machine4,1565,5189608,4,11,6263700,450,6456560,8,8505,46,409,,1
sample117.exe,9f1f91c13f42b6731b774b58d2a2d9f9,Machine8,1998,4778192,4,10,6288379,373,7079437,6,6293,46,1005,1A1zP1eP5QGefi2DMPTfTL5SLmv7DivfNa,1
sample118.exe,7e6498f7238dcf6eb1027dadbfac5206,Machine1,1718,5169966,3,10,5540375,299,7311635,7,16236,41,518,,0
sample119.exe,f11a1a7829a8e95742d9a43383a37435,Machine6,1443,4660448,3,10,6001954,412,7061545,4,4620,23,199,3J98t1WpEZ73CNmQviecrnyiWrnqRhW,1
sample120.exe,3edad8facb76858ff93e8cc9e2154236,Machine5,773,4885086,2,10,5999904,391,7337164,4,10223,58,872,,0
sample121.exe,a190487e65a4a9099fe54e616a3fd0ab,Machine6,1544,4310868,1,7,5770049,301,7183788,3,4753,28,477,1A1zP1eP5QGefi2DMPTfTL5SLmv7DivfNa,1
sample122.exe,c3d7e11258c7cb3cd542682d3bb0f058,Machine6,1178,4509463,4,10,6288662,320,7125043,6,10663,20,894,1A1zP1eP5QGefi2DMPTfTL5SLmv7DivfNa,1
sample123.exe,43ea28d68c52b5ab6270cc26abb2d49c,Machine4,1844,5131919,1,11,6228757,403,6972523,3,12191,43,678,1A1zP1eP5QGefi2DMPTfTL5SLmv7DivfNa,0
sample124.exe,e4c1dc65ebd0d197b2bc7bdb9bbb5d2a,Machine9,736,4509868,3,11,6091193,148,6547600,9,13935,28,391,,0
sample125.exe,948091ff872539fad8d4a8d0b7fd9d41,Machine1,1162,4766291,1,11,5687876,475,6540792,3,9885,63,498,1A1zP1eP5QGefi2DMPTfTL5SLmv7DivfNa,1
sample126.exe,c28d21b71bb2bcaeb8994f78b96b6f76,Machine2,579,5051511,4,11,5594925,217,7041022,7,10679,26,344,1A1zP1eP5QGefi2DMPTfTL5SLmv7DivfNa,1
sample127.exe,69645f16ceab62cc213c7f692f194ca3,Machine6,574,4867639,1,10,5997544,167,6335218,9,6593,59,925,,1
sample128.exe,e1bed1b7f75e8fd7704673f14cbc6cfa,Machine5,1686,4470114,4,11,5762983,223,6623141,3,13605,62,435,3J98t1WpEZ73CNmQviecrnyiWrnqRhW,1
sample129.exe,66701911ab523f6f80a98a65e2084231,Machine2,1178,4992411,3,10,6181656,299,6661646,5,13079,26,824,1A1zP1eP5QGefi2DMPTfTL5SLmv7DivfNa,0
sample130.exe,89a57e08923e4e4f9a3522ba79d2b3dc,Machine6,1514,4725037,2,11,6072662,418,6832804,6,9101,59,427,3J98t1WpEZ73CNmQviecrnyiWrnqRhW,0
sample131.exe,deefd25a11f4dc2631f9613b403c7676,Machine1,873,4709346,4,11,5257489,393,7191666,7,4232,22,944,3J98t1WpEZ73CNmQviecrnyiWrnqRhW,1
sample132.exe,b306b7fee7f905c52cd9f218ccfe0dc8,Machine7,1684,4207953,2,10,6246324,105,6632580,5,6354,23,846,1A1zP1eP5QGefi2DMPTfTL5SLmv7DivfNa,1
sample133.exe,4191df0a2bbbe11780f9b41fc045c61e,Machine9,926,4460247,4,10,5500378,197,6922226,4,16141,16,1002,,0
sample134.exe,7c07b5eea55f2fa0623d05b796ae2d8e,Machine9,1907,5045659,2,7,6131336,155,6652207,6,15750,50,554,3J98t1WpEZ73CNmQviecrnyiWrnqRhW,0
sample135.exe,f811434576542b96a24ddd1262795e64,Machine7,1824,5238349,3,7,6253317,138,6399872,4,12699,48,848,,1
sample136.exe,83ff692f41299c75aaf2e85489571926,Machine4,1111,4587952,1,7,6182113,149,6893361,8,15525,39,367,1A1zP1eP5QGefi2DMPTfTL5SLmv7DivfNa,1
sample137.exe,b3b4897d050e84f71c1b3dee35138f39,Machine5,1261,4909015,4,11,5878102,364,6605733,9,4515,16,257,1A1zP1eP5QGefi2DMPTfTL5SLmv7DivfNa,0
sample138.exe,8a75fe4afab926a297535a43543aa9a5,Machine5,1371,4434782,4,11,5759226,222,7074046,4,16026,23,490,1A1zP1eP5QGefi2DMPTfTL5SLmv7DivfNa,0
sample139.exe,4f2774c5091b8c9e1738edf12f2f7204,Machine4,804,4543877,4,11,5910098,293,6828491,7,10590,46,693,1A1zP1eP5QGefi2DMPTfTL5SLmv7DivfNa,0
sample140.exe,3437bb79523105089fb860a9be20412c,Machine7,1907,5005689,3,7,5429002,422,7035692,5,5068,34,576,1A1zP1eP5QGefi2DMPTfTL5SLmv7DivfNa,0
sample141.exe,ccf850c59b2a581ef3bc6ef39279d418,Machine6,1848,5165287,4,7,6261310,162,6772293,6,6445,48,883,1A1zP1eP5QGefi2DMPTfTL5SLmv7DivfNa,0
sample142.exe,b36e8c0c378e54f2098dd6ffdc0a60bc,Machine10,1797,4879073,3,7,5932573,116,7070056,7,8016,18,511,,1
sample143.exe,e0ee7f62f0d54185751b323b7ac6fa26,Machine9,1271,5096305,2,11,5537931,289,6308334,3,15674,54,184,1A1zP1eP5QGefi2DMPTfTL5SLmv7DivfNa,1
sample144.exe,7d061aab91628de15bdf8061f9f1f5cc,Machine2,971,4207586,1,10,5843102,294,7071504,6,11415,28,271,3J98t1WpEZ73CNmQviecrnyiWrnqRhW,1
sample145.exe,9214ad1c6bcc9110a1b158c929447b34,Machine4,785,5031708,2,7,5808455,367,7107856,7,6910,16,464,3J98t1WpEZ73CNmQviecrnyiWrnqRhW,1
sample146.exe,8a8fb85179235aec2d47854697502460,Machine9,1114,4484340,1,10,5803578,494,6407946,6,11506,24,328,1A1zP1eP5QGefi2DMPTfTL5SLmv7DivfNa,1
sample147.exe,e0e96b4f048257a219816e15662d760b,Machine2,1682,4373569,1,11,5452766,120,6852101,6,4842,19,489,,0
sample148.exe,2507d5823100b550f30ecd8ef9b8de05,Machine6,1727,4212804,2,7,5601322,200,7281559,9,5064,29,788,1A1zP1eP5QGefi2DMPTfTL5SLmv7DivfNa,0
sample149.exe,91757b8125612eb80fbaf3f34a735087,Machine9,950,5077717,4,11,5398485,370,6380463,7,12279,42,829,1A1zP1eP5QGefi2DMPTfTL5SLmv7DivfNa,0
sample150.exe,89949913919e64aa325a53f13ee4e670,Machine1,1840,4811208,4,10,5921095,220,6972995,4,6608,19,319,1A1zP1eP5QGefi2DMPTfTL5SLmv7DivfNa,0
sample151.exe,dc9eadf2c85cb033e1b9b6bfb84646e6,Machine4,1147,4658940,2,11,5989017,152,6331558,9,15605,54,950,1A1zP1eP5QGefi2DMPTfTL5SLmv7DivfNa,1
sample152.exe,2085687b0a17041723ffb705a1db2d4f,Machine8,1191,5112178,3,11,5538284,257,6921200,4,15229,22,555,,1
sample153.exe,b8ca9892c598aa6245fb8f8029ff2bff,Machine2,744,5151649,1,7,6275894,489,7317778,9,9162,22,537,3J98t1WpEZ73CNmQviecrnyiWrnqRhW,0
sample154.exe,163fae4f1d3b8b317f0c9bae1067c165,Machine8,1085,4404598,1,10,5493878,370,7084126,7,6031,36,256,3J98t1WpEZ73CNmQviecrnyiWrnqRhW,0
sample155.exe,354e909f1f83b7d40c8a576dbef26804,Machine9,1995,4562403,1,7,5783891,214,6544848,6,12774,18,251,3J98t1WpEZ73CNmQviecrnyiWrnqRhW,1
sample156.exe,965a7fa74157fcf7d180ab6f066b6885,Machine1,901,4711984,1,11,5928985,338,6469407,4,10109,37,433,3J98t1WpEZ73CNmQviecrnyiWrnqRhW,1
sample157.exe,59b79a3cdc6a36948ae2bfc6859be0a4,Machine8,743,4609123,1,11,5433517,407,6748586,5,9048,63,551,3J98t1WpEZ73CNmQviecrnyiWrnqRhW,0
sample158.exe,fabf2c41e7cf2bdd95cfd6ee57f64c5d,Machine6,1033,4366297,4,10,6194553,132,6813743,3,9967,62,514,3J98t1WpEZ73CNmQviecrnyiWrnqRhW,1
sample159.exe,a24a70d51f4709b1c71b48008597c75a,Machine10,1667,4568645,3,11,5751274,349,7249173,3,6976,34,326,,1
sample160.exe,52a15f6bd344b36eee4a5a045252e53b,Machine10,1252,5191617,1,7,6036611,447,6591457,5,11651,32,926,1A1zP1eP5QGefi2DMPTfTL5SLmv7DivfNa,1
sample161.exe,02dfbc984c6021ebf6785d7f53dc2993,Machine7,766,4507235,3,10,6161268,362,6540343,9,8154,59,909,,1
sample162.exe,43959e2cbf7aa9e7a75ec44ae080886f,Machine9,631,4253767,2,11,5544916,301,6522186,5,7060,49,916,,1
sample163.exe,a58b274de397ca2fa320ed0d950e5b33,Machine8,1499,4221441,3,7,5771249,220,7153772,5,9199,58,1012,,0
sample164.exe,c5ff40fd269e4bdb23782be12c83fc57,Machine6,1297,4767873,4,7,6030163,165,6710303,6,15535,21,459,,0
sample165.exe,c43981b9da34cdee64a6967cf6e0cf13,Machine10,1719,4493511,3,10,5589241,175,6570579,4,6590,45,395,,1
sample166.exe,3aa431c139cbf284b8cddfbed0f0e234,Machine2,955,4992665,3,11,6031909,443,6323266,5,7192,31,773,,1
sample167.exe,cef554013d9769c519ac4b232be8d528,Machine1,964,5153892,2,7,6289569,298,6525075,7,15058,41,1008,1A1zP1eP5QGefi2DMPTfTL5SLmv7DivfNa,0
sample168.exe,a971a182c3a6f317221815067c546a25,Machine1,726,4213325,1,10,5462460,396,7154847,8,15559,61,784,,1
sample169.exe,a280c9b79b35f00fd2b32f781fb47a99,Machine6,945,5152364,3,7,6144876,288,7012210,3,10223,40,589,,0
sample170.exe,aa359533a605963161246e9ddba95c92,Machine7,1624,4492466,4,11,5287641,136,7228179,3,4393,52,318,3J98t1WpEZ73CNmQviecrnyiWrnqRhW,0
sample171.exe,186ff950be2358697f8a96df9496752c,Machine4,634,4195739,2,7,6088199,496,7310119,5,10966,16,520,3J98t1WpEZ73CNmQviecrnyiWrnqRhW,0
sample172.exe,ed0138f91c1ef5d1ac732d35319cd40b,Machine7,532,4657248,3,11,5819324,162,6805415,4,13635,29,155,1A1zP1eP5QGefi2DMPTfTL5SLmv7DivfNa,0
sample173.exe,0638afae82fe7c225596813aa0d7a450,Machine2,1605,4638251,3,7,5929125,418,6715965,5,10190,28,492,,1
sample174.exe,a1a02ab6530203f40b9828c96a7a10be,Machine8,874,4394771,2,11,5783124,176,6947425,7,15487,22,886,3J98t1WpEZ73CNmQviecrnyiWrnqRhW,0
sample175.exe,3e297624c6c9076553dc86300c1811ee,Machine8,793,4282722,4,7,5299194,118,6369196,5,15991,19,682,,0
sample176.exe,787fd96586a134899135285826b9a99f,Machine1,1131,4539693,4,7,6017378,484,6629620,6,12098,48,772,3J98t1WpEZ73CNmQviecrnyiWrnqRhW,1
sample177.exe,49c494ad84aed2fd8353ef379d458e65,Machine8,1807,4923492,4,10,5929232,101,7089900,9,8427,51,873,3J98t1WpEZ73CNmQviecrnyiWrnqRhW,0
sample178.exe,33e2e38669483d97bc95062a45921f54,Machine7,1575,5067088,3,11,5945005,312,6406582,9,9240,29,527,3J98t1WpEZ73CNmQviecrnyiWrnqRhW,0
sample179.exe,e77106643a2882316a0db0e7f49c3e6e,Machine1,508,5173360,3,7,6161896,305,6631134,9,7764,27,512,3J98t1WpEZ73CNmQviecrnyiWrnqRhW,1
sample180.exe,baba3994a3046ca381eb51d8ce616c2b,Machine5,1836,4582634,4,10,5364903,190,6546554,9,9891,33,295,,0
sample181.exe,4d9a0fa1d8b9df4c53c006fa7d027925,Machine3,1297,4510585,1,7,5676577,212,6437351,5,7598,20,677,1A1zP1eP5QGefi2DMPTfTL5SLmv7DivfNa,1
sample182.exe,017dc3759e8aedcc71c81fb89964261c,Machine8,1168,4381611,4,10,5857121,207,6494398,6,8736,39,646,3J98t1WpEZ73CNmQviecrnyiWrnqRhW,1
sample183.exe,44a1f9174b283c7c2fd32a47e5edc18f,Machine6,1942,4242883,2,7,6055745,249,6625484,4,9770,63,883,3J98t1WpEZ73CNmQviecrnyiWrnqRhW,1
sample184.exe,2da0a714836e54f42e7544e2df29be8c,Machine3,686,4766216,3,10,6084809,178,6992784,9,4956,26,733,1A1zP1eP5QGefi2DMPTfTL5SLmv7DivfNa,1
sample185.exe,13318b8e827c37ee65f219bdc6e59745,Machine9,611,4716755,2,11,6051927,369,6455376,8,10277,54,954,,0
sample186.exe,01bcfa32e8420e99df33fbab20b12f0f,Machine6,747,4586414,2,7,5281092,167,6949374,9,4324,54,1007,3J98t1WpEZ73CNmQviecrnyiWrnqRhW,0
sample187.exe,c4630cdee4aef222d33f914aa842880b,Machine7,1504,4463168,1,11,6273304,461,6825094,4,5175,52,716,1A1zP1eP5QGefi2DMPTfTL5SLmv7DivfNa,0
sample188.exe,4a9b744d6f8eee7769e38bcda0090107,Machine7,1531,4915572,1,11,5399558,361,7239108,7,10090,45,192,,0
sample189.exe,2a2586be6afdd4e1e0aba29fde14b255,Machine5,1408,4779924,4,10,5562209,126,6640429,4,14883,41,178,,0
sample190.exe,5bb40531f13eca0cc6eced836fd1a51e,Machine2,1812,5180512,1,11,5801330,291,7322580,6,4451,51,305,,1
sample191.exe,631c0d7fcf64ffc1af4747e2d4d43078,Machine6,1247,4670946,3,10,5690111,337,7166458,4,11329,23,540,,1
sample192.exe,f031d8cb00ccab4df1b7c2da56b778dd,Machine5,575,4485995,3,10,5385788,113,6858398,6,9445,16,577,,1
sample193.exe,fb03178756410c82fa4b3f0a558e4cdf,Machine6,1745,4422021,3,10,6192344,401,6599244,7,6499,16,748,3J98t1WpEZ73CNmQviecrnyiWrnqRhW,1
sample194.exe,7a913a2db6c856779c691d1710841ecf,Machine6,1564,4600149,3,10,5326909,156,6629243,6,11618,24,880,3J98t1WpEZ73CNmQviecrnyiWrnqRhW,0
sample195.exe,63b3a004a36a4f23bdff11a85b911155,Machine7,1524,4200728,3,10,5987316,158,6296245,5,4187,19,178,,1
sample196.exe,b34f5a092a97e04601df9d8484fa2581,Machine4,712,4891650,4,7,5987515,117,6712737,9,14398,22,519,1A1zP1eP5QGefi2DMPTfTL5SLmv7DivfNa,1
sample197.exe,d9536377eeac30e910cde8c316372ca6,Machine9,1633,5200381,3,7,5754359,314,7176794,4,12785,53,922,,0
sample198.exe,7e2390aa999c358efc47c15afa9e6fe1,Machine2,1104,4586493,4,11,6209145,451,7017874,9,6395,23,808,3J98t1WpEZ73CNmQviecrnyiWrnqRhW,0
sample199.exe,123e2f9c5a70dacff2c7ecfa558f169e,Machine5,1729,4558279,2,7,6203850,320,6671494,9,14926,29,445,1A1zP1eP5QGefi2DMPTfTL5SLmv7DivfNa,0
sample200.exe,02469eb6f426bbaf9e68f865c66db0d8,Machine3,1689,4584556,2,10,5919517,305,6693496,3,9066,34,816,3J98t1WpEZ73CNmQviecrnyiWrnqRhW,0
sample201.exe,55537c731d286db4718152abcdaf5b8e,Machine10,931,4557003,1,10,5571823,491,6526082,9,10756,33,622,3J98t1WpEZ73CNmQviecrnyiWrnqRhW,1
sample202.exe,4d52e580a85956423349f6191df9348b,Machine8,1073,4292851,3,7,5497848,382,6311066,5,4998,19,278,1A1zP1eP5QGefi2DMPTfTL5SLmv7DivfNa,0
sample203.exe,06e3c95e362fa6e490b4edbd8b1133fa,Machine5,603,5209884,2,11,5410844,373,6559982,8,11523,24,910,,1
sample204.exe,f625bc5da04fd640b22ca4c715c614e6,Machine2,1080,5030262,4,11,5921944,296,6893849,9,6823,63,447,,0
sample205.exe,241ee14ed52df96104fe4ff6a2ecf48b,Machine9,994,4338527,4,7,5860739,143,6744589,9,14828,59,607,3J98t1WpEZ73CNmQviecrnyiWrnqRhW,1
sample206.exe,317fdc73d5e7d1caed34a51dd5ae57e1,Machine3,1472,5181505,4,10,5280210,322,6453183,6,11364,19,981,1A1zP1eP5QGefi2DMPTfTL5SLmv7DivfNa,1
sample207.exe,f8c340c9d6c6cad3472cfcae7b0b8dd8,Machine4,1387,4655568,1,10,6088341,225,6376155,8,10651,60,692,1A1zP1eP5QGefi2DMPTfTL5SLmv7DivfNa,0
sample208.exe,0f24698d1ce8564e64c598cdc5d0d25d,Machine4,1656,5036402,4,11,5524742,448,6965822,8,4396,27,519,3J98t1WpEZ73CNmQviecrnyiWrnqRhW,0
sample209.exe,23921ed192b66e4bfe8c5eb5e12694b4,Machine5,1117,4321490,1,7,5290068,428,6769721,8,10496,26,164,1A1zP1eP5QGefi2DMPTfTL5SLmv7DivfNa,1
sample210.exe,b21f42d92dfee2bc06d647f5e1eee381,Machine2,1048,5090702,4,10,5358869,286,7309605,5,14154,59,592,3J98t1WpEZ73CNmQviecrnyiWrnqRhW,1
sample211.exe,e49ed0458113bc2558a11edac03a654d,Machine7,836,4636181,1,11,5639799,383,6935469,5,6877,31,838,1A1zP1eP5QGefi2DMPTfTL5SLmv7DivfNa,0
sample212.exe,1bcda9730588a9e3df11c8d2b490db25,Machine3,966,4420719,1,11,5569819,106,6491541,5,4942,43,362,,1
sample213.exe,a6b770ba606a2ed7f0ff9217b2747435,Machine6,665,5134191,2,7,5671834,491,6553707,9,5248,54,532,3J98t1WpEZ73CNmQviecrnyiWrnqRhW,1
sample214.exe,c74ce7dc6cf8406f362906a02d84933d,Machine5,1234,5216453,2,11,6004697,281,6758904,9,7424,51,678,1A1zP1eP5QGefi2DMPTfTL5SLmv7DivfNa,1
sample215.exe,cdaa7d665d44c479ac62fdd2bbc80959,Machine10,873,4530977,4,10,5960128,475,6361925,5,10336,34,516,1A1zP1eP5QGefi2DMPTfTL5SLmv7DivfNa,1
sample216.exe,f803147bc0ce151cb860963cb267d355,Machine2,1815,5226090,2,11,5732718,126,6788089,6,6004,51,272,1A1zP1eP5QGefi2DMPTfTL5SLmv7DivfNa,0
sample217.exe,aee748f1a0006d38ba7a0d9ebd70fd66,Machine6,1709,4740226,1,11,5499267,223,7268145,4,10269,37,866,3J98t1WpEZ73CNmQviecrnyiWrnqRhW,0
sample218.exe,38bb2d4a4291de37e2774797bebcdfe4,Machine10,765,5091867,1,11,5502773,303,6722585,4,11653,44,239,1A1zP1eP5QGefi2DMPTfTL5SLmv7DivfNa,1
sample219.exe,f3f85bdde710cc473c9578147d3df3e1,Machine5,550,5171944,3,7,6167333,393,6340876,5,6213,49,312,1A1zP1eP5QGefi2DMPTfTL5SLmv7DivfNa,1
sample220.exe,8b828328f5c436229e24175af38c2c78,Machine6,1237,5132663,3,10,5650439,193,7192116,3,8889,41,379,1A1zP1eP5QGefi2DMPTfTL5SLmv7DivfNa,0
sample221.exe,2823e9eca23fa78f31c664758d60d3e6,Machine8,1700,4963475,1,11,5735800,120,7326534,4,13598,26,1007,3J98t1WpEZ73CNmQviecrnyiWrnqRhW,0
sample222.exe,3fc163fc26ac3abc86bcfa08e4342eef,Machine5,1024,4198287,2,7,5619024,475,6749103,6,15122,17,910,3J98t1WpEZ73CNmQviecrnyiWrnqRhW,1
sample223.exe,4b44bc87ea37058dd015c6d424d52bce,Machine5,999,4625223,1,11,5742027,320,6857469,9,8810,37,871,,1
sample224.exe,8e16534470e06217c1b9ed8ae407e4eb,Machine3,1623,4573164,4,10,5819019,251,7274569,6,12304,41,255,3J98t1WpEZ73CNmQviecrnyiWrnqRhW,1
sample225.exe,43ad8d58c3542d01dcc85d6ec933c2a9,Machine3,858,4889373,3,11,6186988,285,7285642,4,14199,26,143,3J98t1WpEZ73CNmQviecrnyiWrnqRhW,0
sample226.exe,079de159905ccc18531b83e772a7ff55,Machine2,1560,4572579,3,7,5421442,237,7182920,6,15697,57,600,3J98t1WpEZ73CNmQviecrnyiWrnqRhW,0
sample227.exe,eadde99cf56455ee4dbcfc48a7ba2a8b,Machine4,1810,4737761,2,11,5872950,228,6361562,6,14345,29,782,,1
sample228.exe,20916864be10d64b6eb8caea5e12e6ab,Machine1,1671,4471088,1,11,6039045,202,7001232,7,6025,18,886,,0
sample229.exe,fa53983f0d7d1e8ffd1b5f62c8dba4d5,Machine2,1946,4522929,3,11,5827345,150,6358367,6,10970,34,388,1A1zP1eP5QGefi2DMPTfTL5SLmv7DivfNa,1
sample230.exe,d6a284b14169eeb481ae865e98310700,Machine10,928,4588368,2,7,5431034,138,7249758,4,13388,36,724,3J98t1WpEZ73CNmQviecrnyiWrnqRhW,0
sample231.exe,25237a1d5b21ea5b1a4235b06ef77a30,Machine2,535,4354232,3,11,6266749,352,7312126,4,14016,23,233,1A1zP1eP5QGefi2DMPTfTL5SLmv7DivfNa,1
sample232.exe,50db1426befa471d5e3b57d46321808d,Machine7,1282,4964671,2,11,6102606,137,6950117,8,9447,56,872,1A1zP1eP5QGefi2DMPTfTL5SLmv7DivfNa,1
sample233.exe,a727832193db1d26e16e85ef0b4f83fe,Machine10,529,4595160,3,7,5453701,482,6326566,8,14236,37,692,1A1zP1eP5QGefi2DMPTfTL5SLmv7DivfNa,1
sample234.exe,4075e497c8167797cab5b2b36eae09d1,Machine9,560,4941242,4,7,5503822,233,7161008,9,5878,53,843,3J98t1WpEZ73CNmQviecrnyiWrnqRhW,0
sample235.exe,03b44990d60a792db8740348018de2bd,Machine7,1516,4600709,3,10,6042705,159,6702780,3,15181,62,380,3J98t1WpEZ73CNmQviecrnyiWrnqRhW,1
sample236.exe,819b7919408f4ac0f7a6ddec2741dd83,Machine4,1861,4421427,1,7,6268137,387,6865414,5,15290,35,949,,1
sample237.exe,3690ae21dad8429f756f583b37a9229d,Machine1,1335,5166330,2,11,5439598,445,7039984,4,14969,42,605,,1
sample238.exe,abf237d9e63f9eedebc1a185c6464586,Machine8,655,5231165,2,11,5540460,303,6534086,6,11696,22,963,1A1zP1eP5QGefi2DMPTfTL5SLmv7DivfNa,0
sample239.exe,f2034a3ad12ad28157b505a4ece78c7d,Machine4,1655,4246634,3,7,6095902,245,7127671,8,15771,16,372,1A1zP1eP5QGefi2DMPTfTL5SLmv7DivfNa,0
sample240.exe,c1a18cc7db93551c3a1c867e21957437,Machine3,1557,5106131,1,10,6016866,131,7168513,8,14187,24,940,3J98t1WpEZ73CNmQviecrnyiWrnqRhW,1
sample241.exe,3c519d6fb380ce72bdf0521d1c1e4be5,Machine6,935,5168401,3,7,5580547,259,7027055,3,10196,37,346,,0
sample242.exe,c2b4468e04f46d19908163bd0d8d3cef,Machine10,1935,5179437,3,10,5308544,184,6759615,7,10351,63,508,1A1zP1eP5QGefi2DMPTfTL5SLmv7DivfNa,0
sample243.exe,63497467bda481abed77fa3ddfa3c0b9,Machine8,1752,5215200,3,7,5654365,190,6581441,9,9804,53,347,1A1zP1eP5QGefi2DMPTfTL5SLmv7DivfNa,1
sample244.exe,91d8671e13492ba0d1e7c2915540d1fb,Machine4,556,5088830,4,10,5581100,139,6874749,8,5656,19,898,,1
sample245.exe,0213ea0de021c816582c003f3f1ba41b,Machine5,777,4508694,2,10,6290092,345,7161109,3,7941,62,316,3J98t1WpEZ73CNmQviecrnyiWrnqRhW,1
sample246.exe,4a34dcffa31976423e78e796176ebba6,Machine8,1179,4519137,1,11,5326060,278,6521646,6,4172,56,194,1A1zP1eP5QGefi2DMPTfTL5SLmv7DivfNa,0
sample247.exe,9b2e0050f1e23824cc3cc07aa6faf35d,Machine7,1854,5070438,4,10,6049663,174,6465280,4,15547,57,637,3J98t1WpEZ73CNmQviecrnyiWrnqRhW,1
sample248.exe,25e3836107a4cd0e70be77b057c2d4f8,Machine8,1041,4517513,4,11,5859955,394,6434518,9,7723,44,663,1A1zP1eP5QGefi2DMPTfTL5SLmv7DivfNa,0
sample249.exe,63b0cbd9f4a3a03b011f9112ff913ac2,Machine4,741,5044997,3,7,5663677,168,6704292,9,13263,52,877,3J98t1WpEZ73CNmQviecrnyiWrnqRhW,1
sample250.exe,5f09e06223ce5c6d30e988cafb28d3bb,Machine7,1425,4310348,3,7,6211838,479,6368922,3,13115,55,156,1A1zP1eP5QGefi2DMPTfTL5SLmv7DivfNa,1
